id;username;personal_name;company_name;social_credit_code;entity_legal_person;password;fully_address;company_contact;mobile_number;account_status;rolename;create_time;update_time;login;first_name;last_name;email;image_url;activated;lang_key
1;a but um;unto hm;都 就;amid before 全部;couch 必定;光 拔 吞;meh 更;bathrobe;可 当然;18886;onset pfft;2025-03-14;2025-03-15;"Yyh*}@k\JbMZHEi\dbCr-\~sFO\`Go";君浩;诸;izh10@vip.qq.com;小 fooey;false;甜 bonfire 
2;huzzah;via fort 共;till pneumonia kielbasa;硬;disk;抿;and;gee 大方 软;敢情 overcoat;9886;全 uh-huh;2025-03-14;2025-03-14;"s&@t2X\*Zz0iOs";绍辉;过;kgs63@gmail.com;敢情 gee 冷;false;聪明 whether
3;er 伟大;amidst lest;喝 given;hm custom;弹;ah;dandelion near;aside 红;mid supplier;572;渐渐 擒 duh;2025-03-15;2025-03-14;".xzb";榕融;肇;fmnnzu59@sina.com;清楚 till;false;whenever
4;很;略微;最 gadzooks;比较 整 trash;平坦 渐渐;开 because 短;滑 drat;whoever 聪明;勇敢;9500;甜 lest 抚;2025-03-14;2025-03-14;"MoAr";炫明;邓;izhpd691@sina.com;pneumonia;true;er
5;plain 大约 抬;down;before;whereas 吞 oof;劈;绿 许多 if;yuck 敢情;一定;though behind;17300;没 拔;2025-03-15;2025-03-14;"g_5";哲新;简;id7mft49@yahoo.com.cn;help 搜 都;false;however ci
6;consequently;woot 差点儿 偏偏;红;剪;苦 what;不 at;round 坐;敢情;摇 apud;24258;which 特地;2025-03-14;2025-03-14;"s@t5\QD\3qu3\nV1y\HQKpM";超栋;库;vdak5x.klt@yahoo.com.cn;搜 ick;true;ah further
7;after;uh-huh;uh-huh 极 ugh;幸亏;unless;once cosset 必然;farmer 捏;红 多;boo;992;rawhide 长;2025-03-14;2025-03-14;"2P7";立诚;葛;ucop8d_gkk74@gmail.com;below;true;including 
8;husband and whoa;beyond;even;brr 拖 pulse;boo times;barge zowie;举;nor hippodrome 拖;whoever 吃 特地;14585;举 worth dependency;2025-03-14;2025-03-14;"4n";文轩;曾;k5qscp_i1n@hotmail.com;血淋淋 through;false;considerin
9;跳 gah;吐 太;粗 from 短;except;逐步 whether popularity;极其 捣 热;切 cardboard 索性;仅仅;opposite 啃;24891;yum phew;2025-03-14;2025-03-14;"1-Eoc@Q-PJ\PzXoSN";乙萍;星;tbfnuy27@tom.com;拿 aha;true;长
10;um;rosemary;absent;坏 like 热;if since as;below 却;揽 modulo;however whenever even;倒 forenenst;18158;till;2025-03-14;2025-03-14;"diF";超栋;辜;fvpki750@21cn.com;拿;true;at sport
